[
  {
    "id": 1,
    "priority": 1,
    "action": {
      "type": "modifyHeaders",
      "requestHeaders": [
        { "header": "Sec-CH-UA", "operation": "remove" },
        { "header": "Sec-CH-UA-Mobile", "operation": "remove" },
        { "header": "Sec-CH-UA-Platform", "operation": "remove" },
        { "header": "Sec-CH-UA-Platform-Version", "operation": "remove" },
        { "header": "Sec-CH-UA-Model", "operation": "remove" },
        { "header": "Sec-CH-UA-Arch", "operation": "remove" },
        { "header": "Sec-CH-UA-Bitness", "operation": "remove" },
        { "header": "Sec-CH-UA-WoW64", "operation": "remove" },
        { "header": "Sec-CH-UA-Full-Version", "operation": "remove" },
        { "header": "Sec-CH-UA-Full-Version-List", "operation": "remove" },
        { "header": "Sec-CH-UA-Form-Factors", "operation": "remove" },

        { "header": "Sec-CH-DPR", "operation": "remove" },
        { "header": "Sec-CH-Viewport-Width", "operation": "remove" },
        { "header": "Sec-CH-Viewport-Height", "operation": "remove" },
        { "header": "Sec-CH-Width", "operation": "remove" },
        { "header": "Sec-CH-Resource-Width", "operation": "remove" },

        { "header": "Sec-CH-Prefers-Color-Scheme", "operation": "remove" },
        { "header": "Sec-CH-Prefers-Reduced-Motion", "operation": "remove" },
        {
          "header": "Sec-CH-Prefers-Reduced-Transparency",
          "operation": "remove"
        },
        { "header": "Sec-CH-Prefers-Contrast", "operation": "remove" },

        { "header": "Sec-Fetch-Dest", "operation": "remove" },
        { "header": "Sec-Fetch-Mode", "operation": "remove" },
        { "header": "Sec-Fetch-Site", "operation": "remove" },
        { "header": "Sec-Fetch-User", "operation": "remove" },
        { "header": "Sec-Fetch-Storage-Access", "operation": "remove" },

        { "header": "X-Caller-Platform", "operation": "remove" },
        { "header": "Priority", "operation": "remove" },
        { "header": "Referer", "operation": "remove" },
        { "header": "x-requested-with", "operation": "remove" },

        { "header": "Host", "operation": "set", "value": "tr.fd-api.com" },
        {
          "header": "User-Agent",
          "operation": "set",
          "value": "Android-app-25.16.0(251600114)"
        }
      ]
    },
    "condition": {
      "urlFilter": "||tr.fd-api.com/api/v5/cart/calculate"
    }
  },
  {
    "id": 2,
    "priority": 1,
    "action": {
      "type": "modifyHeaders",
      "requestHeaders": [
        { "header": "Sec-CH-UA", "operation": "remove" },
        { "header": "Sec-CH-UA-Mobile", "operation": "remove" },
        { "header": "Sec-CH-UA-Platform", "operation": "remove" },
        { "header": "Sec-CH-UA-Platform-Version", "operation": "remove" },
        { "header": "Sec-CH-UA-Model", "operation": "remove" },
        { "header": "Sec-CH-UA-Arch", "operation": "remove" },
        { "header": "Sec-CH-UA-Bitness", "operation": "remove" },
        { "header": "Sec-CH-UA-WoW64", "operation": "remove" },
        { "header": "Sec-CH-UA-Full-Version", "operation": "remove" },
        { "header": "Sec-CH-UA-Full-Version-List", "operation": "remove" },
        { "header": "Sec-CH-UA-Form-Factors", "operation": "remove" },

        { "header": "Sec-CH-DPR", "operation": "remove" },
        { "header": "Sec-CH-Viewport-Width", "operation": "remove" },
        { "header": "Sec-CH-Viewport-Height", "operation": "remove" },
        { "header": "Sec-CH-Width", "operation": "remove" },
        { "header": "Sec-CH-Resource-Width", "operation": "remove" },

        { "header": "Sec-CH-Prefers-Color-Scheme", "operation": "remove" },
        { "header": "Sec-CH-Prefers-Reduced-Motion", "operation": "remove" },
        {
          "header": "Sec-CH-Prefers-Reduced-Transparency",
          "operation": "remove"
        },
        { "header": "Sec-CH-Prefers-Contrast", "operation": "remove" },

        { "header": "Sec-Fetch-Dest", "operation": "remove" },
        { "header": "Sec-Fetch-Mode", "operation": "remove" },
        { "header": "Sec-Fetch-Site", "operation": "remove" },
        { "header": "Sec-Fetch-User", "operation": "remove" },
        { "header": "Sec-Fetch-Storage-Access", "operation": "remove" },

        { "header": "X-Caller-Platform", "operation": "remove" },
        { "header": "Priority", "operation": "remove" },
        { "header": "x-requested-with", "operation": "remove" },
        {
          "header": "User-Agent",
          "operation": "set",
          "value": "Android-app-25.16.0(251600114)"
        }
      ]
    },
    "condition": {
      "urlFilter": "||tr.fd-api.com/api/v5/cart/checkout"
    }
  }
]
