[
  {
    "id": 1,
    "priority": 1,
    "action": {
      "type": "modifyHeaders",
      "requestHeaders": [
        { "header": "Sec-CH-UA", "operation": "remove" },
        { "header": "Sec-CH-UA-Mobile", "operation": "remove" },
        { "header": "Sec-CH-UA-Platform", "operation": "remove" },
        { "header": "Sec-CH-UA-Platform-Version", "operation": "remove" },
        { "header": "Sec-CH-UA-Model", "operation": "remove" },
        { "header": "Sec-CH-UA-Arch", "operation": "remove" },
        { "header": "Sec-CH-UA-Bitness", "operation": "remove" },
        { "header": "Sec-CH-UA-WoW64", "operation": "remove" },
        { "header": "Sec-CH-UA-Full-Version", "operation": "remove" },
        { "header": "Sec-CH-UA-Full-Version-List", "operation": "remove" },
        { "header": "Sec-CH-UA-Form-Factors", "operation": "remove" },

        { "header": "Sec-CH-DPR", "operation": "remove" },
        { "header": "Sec-CH-Viewport-Width", "operation": "remove" },
        { "header": "Sec-CH-Viewport-Height", "operation": "remove" },
        { "header": "Sec-CH-Width", "operation": "remove" },
        { "header": "Sec-CH-Resource-Width", "operation": "remove" },

        { "header": "Sec-CH-Prefers-Color-Scheme", "operation": "remove" },
        { "header": "Sec-CH-Prefers-Reduced-Motion", "operation": "remove" },
        {
          "header": "Sec-CH-Prefers-Reduced-Transparency",
          "operation": "remove"
        },
        { "header": "Sec-CH-Prefers-Contrast", "operation": "remove" },

        { "header": "Sec-Fetch-Dest", "operation": "remove" },
        { "header": "Sec-Fetch-Mode", "operation": "remove" },
        { "header": "Sec-Fetch-Site", "operation": "remove" },
        { "header": "Sec-Fetch-User", "operation": "remove" },
        { "header": "Sec-Fetch-Storage-Access", "operation": "remove" },

        { "header": "X-Caller-Platform", "operation": "remove" },
        { "header": "Priority", "operation": "remove" },
        { "header": "Referer", "operation": "remove" },
        { "header": "x-requested-with", "operation": "remove" },

        { "header": "Host", "operation": "set", "value": "tr.fd-api.com" },
        {
          "header": "User-Agent",
          "operation": "set",
          "value": "Android-app-25.16.0(251600114)"
        }
      ]
    },
    "condition": {
      "urlFilter": "||tr.fd-api.com/api/v5/cart/calculate"
    }
  },
  {
    "id": 2,
    "priority": 1,
    "action": {
      "type": "modifyHeaders",
      "requestHeaders": [
        { "header": "Sec-CH-UA", "operation": "remove" },
        { "header": "Sec-CH-UA-Mobile", "operation": "remove" },
        { "header": "Sec-CH-UA-Platform", "operation": "remove" },
        { "header": "Sec-CH-UA-Platform-Version", "operation": "remove" },
        { "header": "Sec-CH-UA-Model", "operation": "remove" },
        { "header": "Sec-CH-UA-Arch", "operation": "remove" },
        { "header": "Sec-CH-UA-Bitness", "operation": "remove" },
        { "header": "Sec-CH-UA-WoW64", "operation": "remove" },
        { "header": "Sec-CH-UA-Full-Version", "operation": "remove" },
        { "header": "Sec-CH-UA-Full-Version-List", "operation": "remove" },
        { "header": "Sec-CH-UA-Form-Factors", "operation": "remove" },

        { "header": "Sec-CH-DPR", "operation": "remove" },
        { "header": "Sec-CH-Viewport-Width", "operation": "remove" },
        { "header": "Sec-CH-Viewport-Height", "operation": "remove" },
        { "header": "Sec-CH-Width", "operation": "remove" },
        { "header": "Sec-CH-Resource-Width", "operation": "remove" },

        { "header": "Sec-CH-Prefers-Color-Scheme", "operation": "remove" },
        { "header": "Sec-CH-Prefers-Reduced-Motion", "operation": "remove" },
        {
          "header": "Sec-CH-Prefers-Reduced-Transparency",
          "operation": "remove"
        },
        { "header": "Sec-CH-Prefers-Contrast", "operation": "remove" },

        { "header": "Sec-Fetch-Dest", "operation": "remove" },
        { "header": "Sec-Fetch-Mode", "operation": "remove" },
        { "header": "Sec-Fetch-Site", "operation": "remove" },
        { "header": "Sec-Fetch-User", "operation": "remove" },
        { "header": "Sec-Fetch-Storage-Access", "operation": "remove" },

        { "header": "X-Caller-Platform", "operation": "remove" },
        { "header": "Priority", "operation": "remove" },
        { "header": "x-requested-with", "operation": "remove" },
        {
          "header": "User-Agent",
          "operation": "set",
          "value": "Android-app-25.16.0(251600114)"
        }
      ]
    },
    "condition": {
      "urlFilter": "||tr.fd-api.com/api/v5/cart/checkout"
    }
  },
  {
    "id": 1000,
    "priority": 1,
    "action": { "type": "block" },
    "condition": {
      "urlFilter": "px-cloud.net",
      "resourceTypes": [
        "main_frame",
        "sub_frame",
        "script",
        "xmlhttprequest",
        "image",
        "font",
        "media",
        "stylesheet",
        "websocket"
      ],
      "initiatorDomains": [
        "yemeksepeti.com",
        "fd-api.com",
        "tr.fd-api.com",
        "deliveryhero.com"
      ]
    }
  },
  {
    "id": 1001,
    "priority": 1,
    "action": { "type": "block" },
    "condition": {
      "urlFilter": "sentry.io",
      "resourceTypes": [
        "main_frame",
        "sub_frame",
        "script",
        "xmlhttprequest",
        "image",
        "font",
        "media",
        "stylesheet",
        "websocket"
      ],
      "initiatorDomains": [
        "yemeksepeti.com",
        "fd-api.com",
        "tr.fd-api.com",
        "deliveryhero.com"
      ]
    }
  },
  {
    "id": 1002,
    "priority": 1,
    "action": { "type": "block" },
    "condition": {
      "urlFilter": "usercentrics.eu",
      "resourceTypes": [
        "main_frame",
        "sub_frame",
        "script",
        "xmlhttprequest",
        "image",
        "font",
        "media",
        "stylesheet",
        "websocket"
      ],
      "initiatorDomains": [
        "yemeksepeti.com",
        "fd-api.com",
        "tr.fd-api.com",
        "deliveryhero.com"
      ]
    }
  },
  {
    "id": 1003,
    "priority": 1,
    "action": { "type": "block" },
    "condition": {
      "urlFilter": "tvsquared.com",
      "resourceTypes": [
        "main_frame",
        "sub_frame",
        "script",
        "xmlhttprequest",
        "image",
        "font",
        "media",
        "stylesheet",
        "websocket"
      ],
      "initiatorDomains": [
        "yemeksepeti.com",
        "fd-api.com",
        "tr.fd-api.com",
        "deliveryhero.com"
      ]
    }
  },
  {
    "id": 1004,
    "priority": 1,
    "action": { "type": "block" },
    "condition": {
      "urlFilter": "icg-in.com",
      "resourceTypes": [
        "main_frame",
        "sub_frame",
        "script",
        "xmlhttprequest",
        "image",
        "font",
        "media",
        "stylesheet",
        "websocket"
      ],
      "initiatorDomains": [
        "yemeksepeti.com",
        "fd-api.com",
        "tr.fd-api.com",
        "deliveryhero.com"
      ]
    }
  },
  {
    "id": 1005,
    "priority": 1,
    "action": { "type": "block" },
    "condition": {
      "urlFilter": "braze.com",
      "resourceTypes": [
        "main_frame",
        "sub_frame",
        "script",
        "xmlhttprequest",
        "image",
        "font",
        "media",
        "stylesheet",
        "websocket"
      ],
      "initiatorDomains": [
        "yemeksepeti.com",
        "fd-api.com",
        "tr.fd-api.com",
        "deliveryhero.com"
      ]
    }
  },
  {
    "id": 1006,
    "priority": 1,
    "action": { "type": "block" },
    "condition": {
      "urlFilter": "api/v2/collector",
      "resourceTypes": [
        "main_frame",
        "sub_frame",
        "script",
        "xmlhttprequest",
        "image",
        "font",
        "media",
        "stylesheet",
        "websocket"
      ],
      "initiatorDomains": [
        "yemeksepeti.com",
        "fd-api.com",
        "tr.fd-api.com",
        "deliveryhero.com"
      ]
    }
  },
  {
    "id": 1007,
    "priority": 1,
    "action": { "type": "block" },
    "condition": {
      "urlFilter": "trackjs.com",
      "resourceTypes": [
        "main_frame",
        "sub_frame",
        "script",
        "xmlhttprequest",
        "image",
        "font",
        "media",
        "stylesheet",
        "websocket"
      ],
      "initiatorDomains": [
        "yemeksepeti.com",
        "fd-api.com",
        "tr.fd-api.com",
        "deliveryhero.com"
      ]
    }
  },
  {
    "id": 1008,
    "priority": 1,
    "action": { "type": "block" },
    "condition": {
      "urlFilter": "xhr/b/s",
      "resourceTypes": [
        "main_frame",
        "sub_frame",
        "script",
        "xmlhttprequest",
        "image",
        "font",
        "media",
        "stylesheet",
        "websocket"
      ],
      "initiatorDomains": [
        "yemeksepeti.com",
        "fd-api.com",
        "tr.fd-api.com",
        "deliveryhero.com"
      ]
    }
  },
  {
    "id": 1009,
    "priority": 1,
    "action": { "type": "block" },
    "condition": {
      "urlFilter": "cdn-cgi/rum",
      "resourceTypes": [
        "main_frame",
        "sub_frame",
        "script",
        "xmlhttprequest",
        "image",
        "font",
        "media",
        "stylesheet",
        "websocket"
      ],
      "initiatorDomains": [
        "yemeksepeti.com",
        "fd-api.com",
        "tr.fd-api.com",
        "deliveryhero.com"
      ]
    }
  },
  {
    "id": 1010,
    "priority": 1,
    "action": { "type": "block" },
    "condition": {
      "urlFilter": "px-cdn.net",
      "resourceTypes": [
        "main_frame",
        "sub_frame",
        "script",
        "xmlhttprequest",
        "image",
        "font",
        "media",
        "stylesheet",
        "websocket"
      ],
      "initiatorDomains": [
        "yemeksepeti.com",
        "fd-api.com",
        "tr.fd-api.com",
        "deliveryhero.com"
      ]
    }
  },
  {
    "id": 1011,
    "priority": 1,
    "action": { "type": "block" },
    "condition": {
      "urlFilter": "perseus-productanalytics",
      "resourceTypes": [
        "main_frame",
        "sub_frame",
        "script",
        "xmlhttprequest",
        "image",
        "font",
        "media",
        "stylesheet",
        "websocket"
      ],
      "initiatorDomains": [
        "yemeksepeti.com",
        "fd-api.com",
        "tr.fd-api.com",
        "deliveryhero.com"
      ]
    }
  },
  {
    "id": 1012,
    "priority": 1,
    "action": { "type": "block" },
    "condition": {
      "urlFilter": "/v5/action-log",
      "resourceTypes": [
        "main_frame",
        "sub_frame",
        "script",
        "xmlhttprequest",
        "image",
        "font",
        "media",
        "stylesheet",
        "websocket"
      ],
      "initiatorDomains": [
        "yemeksepeti.com",
        "fd-api.com",
        "tr.fd-api.com",
        "deliveryhero.com"
      ]
    }
  },
  {
    "id": 1013,
    "priority": 1,
    "action": { "type": "block" },
    "condition": {
      "urlFilter": "pxchk.net",
      "resourceTypes": [
        "main_frame",
        "sub_frame",
        "script",
        "xmlhttprequest",
        "image",
        "font",
        "media",
        "stylesheet",
        "websocket"
      ],
      "initiatorDomains": [
        "yemeksepeti.com",
        "fd-api.com",
        "tr.fd-api.com",
        "deliveryhero.com"
      ]
    }
  },
  {
    "id": 1014,
    "priority": 1,
    "action": { "type": "block" },
    "condition": {
      "urlFilter": "hotjar.io",
      "resourceTypes": [
        "main_frame",
        "sub_frame",
        "script",
        "xmlhttprequest",
        "image",
        "font",
        "media",
        "stylesheet",
        "websocket"
      ],
      "initiatorDomains": [
        "yemeksepeti.com",
        "fd-api.com",
        "tr.fd-api.com",
        "deliveryhero.com"
      ]
    }
  },
  {
    "id": 1015,
    "priority": 1,
    "action": { "type": "block" },
    "condition": {
      "urlFilter": "hotjar.com",
      "resourceTypes": [
        "main_frame",
        "sub_frame",
        "script",
        "xmlhttprequest",
        "image",
        "font",
        "media",
        "stylesheet",
        "websocket"
      ],
      "initiatorDomains": [
        "yemeksepeti.com",
        "fd-api.com",
        "tr.fd-api.com",
        "deliveryhero.com"
      ]
    }
  },
  {
    "id": 1016,
    "priority": 1,
    "action": { "type": "block" },
    "condition": {
      "urlFilter": "datadoghq.eu",
      "resourceTypes": [
        "main_frame",
        "sub_frame",
        "script",
        "xmlhttprequest",
        "image",
        "font",
        "media",
        "stylesheet",
        "websocket"
      ],
      "initiatorDomains": [
        "yemeksepeti.com",
        "fd-api.com",
        "tr.fd-api.com",
        "deliveryhero.com"
      ]
    }
  },
  {
    "id": 1017,
    "priority": 1,
    "action": { "type": "block" },
    "condition": {
      "urlFilter": "hexagon-analytics",
      "resourceTypes": [
        "main_frame",
        "sub_frame",
        "script",
        "xmlhttprequest",
        "image",
        "font",
        "media",
        "stylesheet",
        "websocket"
      ],
      "initiatorDomains": [
        "yemeksepeti.com",
        "fd-api.com",
        "tr.fd-api.com",
        "deliveryhero.com"
      ]
    }
  },
  {
    "id": 1018,
    "priority": 1,
    "action": { "type": "block" },
    "condition": {
      "urlFilter": "qualtrics.com",
      "resourceTypes": [
        "main_frame",
        "sub_frame",
        "script",
        "xmlhttprequest",
        "image",
        "font",
        "media",
        "stylesheet",
        "websocket"
      ],
      "initiatorDomains": [
        "yemeksepeti.com",
        "fd-api.com",
        "tr.fd-api.com",
        "deliveryhero.com"
      ]
    }
  },
  {
    "id": 1019,
    "priority": 1,
    "action": { "type": "block" },
    "condition": {
      "urlFilter": "datadog",
      "resourceTypes": [
        "main_frame",
        "sub_frame",
        "script",
        "xmlhttprequest",
        "image",
        "font",
        "media",
        "stylesheet",
        "websocket"
      ],
      "initiatorDomains": [
        "yemeksepeti.com",
        "fd-api.com",
        "tr.fd-api.com",
        "deliveryhero.com"
      ]
    }
  },
  {
    "id": 1020,
    "priority": 1,
    "action": { "type": "block" },
    "condition": {
      "urlFilter": "browser-intake-datadoghq.eu",
      "resourceTypes": [
        "main_frame",
        "sub_frame",
        "script",
        "xmlhttprequest",
        "image",
        "font",
        "media",
        "stylesheet",
        "websocket"
      ],
      "initiatorDomains": [
        "yemeksepeti.com",
        "fd-api.com",
        "tr.fd-api.com",
        "deliveryhero.com"
      ]
    }
  }
]
