[
  {
    "id": 1,
    "priority": 1,
    "action": {
      "type": "modifyHeaders",
      "requestHeaders": [
        { "header": "Sec-Ch-Ua", "operation": "remove" },
        { "header": "Sec-Ch-Ua-Mobile", "operation": "remove" },
        { "header": "Sec-Ch-Ua-Platform", "operation": "remove" },
        { "header": "Sec-Fetch-Dest", "operation": "remove" },
        { "header": "Sec-Fetch-Mode", "operation": "remove" },
        { "header": "Sec-Fetch-Site", "operation": "remove" },
        { "header": "Sec-Fetch-User", "operation": "remove" },
        { "header": "X-Caller-Platform", "operation": "remove" },
        { "header": "x-requested-with", "operation": "remove" },
        {
          "header": "User-Agent",
          "operation": "set",
          "value": "Android-app-25.19.0(251900084)"
        }
      ]
    },
    "condition": {
      "urlFilter": "||tr.fd-api.com/"
    }
  },
  {
    "id": 1000,
    "priority": 1,
    "action": { "type": "block" },
    "condition": {
      "urlFilter": "px-cloud.net",
      "resourceTypes": [
        "main_frame",
        "sub_frame",
        "script",
        "xmlhttprequest",
        "image",
        "font",
        "media",
        "stylesheet",
        "websocket"
      ],
      "initiatorDomains": ["yemeksepeti.com"]
    }
  },
  {
    "id": 1001,
    "priority": 1,
    "action": { "type": "block" },
    "condition": {
      "urlFilter": "sentry.io",
      "resourceTypes": [
        "main_frame",
        "sub_frame",
        "script",
        "xmlhttprequest",
        "image",
        "font",
        "media",
        "stylesheet",
        "websocket"
      ],
      "initiatorDomains": ["yemeksepeti.com"]
    }
  },
  {
    "id": 1002,
    "priority": 1,
    "action": { "type": "block" },
    "condition": {
      "urlFilter": "usercentrics.eu",
      "resourceTypes": [
        "main_frame",
        "sub_frame",
        "script",
        "xmlhttprequest",
        "image",
        "font",
        "media",
        "stylesheet",
        "websocket"
      ],
      "initiatorDomains": ["yemeksepeti.com"]
    }
  },
  {
    "id": 1003,
    "priority": 1,
    "action": { "type": "block" },
    "condition": {
      "urlFilter": "tvsquared.com",
      "resourceTypes": [
        "main_frame",
        "sub_frame",
        "script",
        "xmlhttprequest",
        "image",
        "font",
        "media",
        "stylesheet",
        "websocket"
      ],
      "initiatorDomains": ["yemeksepeti.com"]
    }
  },
  {
    "id": 1004,
    "priority": 1,
    "action": { "type": "block" },
    "condition": {
      "urlFilter": "icg-in.com",
      "resourceTypes": [
        "main_frame",
        "sub_frame",
        "script",
        "xmlhttprequest",
        "image",
        "font",
        "media",
        "stylesheet",
        "websocket"
      ],
      "initiatorDomains": ["yemeksepeti.com"]
    }
  },
  {
    "id": 1005,
    "priority": 1,
    "action": { "type": "block" },
    "condition": {
      "urlFilter": "braze.com",
      "resourceTypes": [
        "main_frame",
        "sub_frame",
        "script",
        "xmlhttprequest",
        "image",
        "font",
        "media",
        "stylesheet",
        "websocket"
      ],
      "initiatorDomains": ["yemeksepeti.com"]
    }
  },
  {
    "id": 1006,
    "priority": 1,
    "action": { "type": "block" },
    "condition": {
      "urlFilter": "api/v2/collector",
      "resourceTypes": [
        "main_frame",
        "sub_frame",
        "script",
        "xmlhttprequest",
        "image",
        "font",
        "media",
        "stylesheet",
        "websocket"
      ],
      "initiatorDomains": ["yemeksepeti.com"]
    }
  },
  {
    "id": 1007,
    "priority": 1,
    "action": { "type": "block" },
    "condition": {
      "urlFilter": "trackjs.com",
      "resourceTypes": [
        "main_frame",
        "sub_frame",
        "script",
        "xmlhttprequest",
        "image",
        "font",
        "media",
        "stylesheet",
        "websocket"
      ],
      "initiatorDomains": ["yemeksepeti.com"]
    }
  },
  {
    "id": 1008,
    "priority": 1,
    "action": { "type": "block" },
    "condition": {
      "urlFilter": "xhr/b/s",
      "resourceTypes": [
        "main_frame",
        "sub_frame",
        "script",
        "xmlhttprequest",
        "image",
        "font",
        "media",
        "stylesheet",
        "websocket"
      ],
      "initiatorDomains": ["yemeksepeti.com"]
    }
  },
  {
    "id": 1009,
    "priority": 1,
    "action": { "type": "block" },
    "condition": {
      "urlFilter": "cdn-cgi/rum",
      "resourceTypes": [
        "main_frame",
        "sub_frame",
        "script",
        "xmlhttprequest",
        "image",
        "font",
        "media",
        "stylesheet",
        "websocket"
      ],
      "initiatorDomains": ["yemeksepeti.com"]
    }
  },
  {
    "id": 1010,
    "priority": 1,
    "action": { "type": "block" },
    "condition": {
      "urlFilter": "px-cdn.net",
      "resourceTypes": [
        "main_frame",
        "sub_frame",
        "script",
        "xmlhttprequest",
        "image",
        "font",
        "media",
        "stylesheet",
        "websocket"
      ],
      "initiatorDomains": ["yemeksepeti.com"]
    }
  },
  {
    "id": 1011,
    "priority": 1,
    "action": { "type": "block" },
    "condition": {
      "urlFilter": "perseus-productanalytics",
      "resourceTypes": [
        "main_frame",
        "sub_frame",
        "script",
        "xmlhttprequest",
        "image",
        "font",
        "media",
        "stylesheet",
        "websocket"
      ],
      "initiatorDomains": ["yemeksepeti.com"]
    }
  },
  {
    "id": 1012,
    "priority": 1,
    "action": { "type": "block" },
    "condition": {
      "urlFilter": "/v5/action-log",
      "resourceTypes": [
        "main_frame",
        "sub_frame",
        "script",
        "xmlhttprequest",
        "image",
        "font",
        "media",
        "stylesheet",
        "websocket"
      ],
      "initiatorDomains": ["yemeksepeti.com"]
    }
  },
  {
    "id": 1013,
    "priority": 1,
    "action": { "type": "block" },
    "condition": {
      "urlFilter": "pxchk.net",
      "resourceTypes": [
        "main_frame",
        "sub_frame",
        "script",
        "xmlhttprequest",
        "image",
        "font",
        "media",
        "stylesheet",
        "websocket"
      ],
      "initiatorDomains": ["yemeksepeti.com"]
    }
  },
  {
    "id": 1014,
    "priority": 1,
    "action": { "type": "block" },
    "condition": {
      "urlFilter": "hotjar.io",
      "resourceTypes": [
        "main_frame",
        "sub_frame",
        "script",
        "xmlhttprequest",
        "image",
        "font",
        "media",
        "stylesheet",
        "websocket"
      ],
      "initiatorDomains": ["yemeksepeti.com"]
    }
  },
  {
    "id": 1015,
    "priority": 1,
    "action": { "type": "block" },
    "condition": {
      "urlFilter": "hotjar.com",
      "resourceTypes": [
        "main_frame",
        "sub_frame",
        "script",
        "xmlhttprequest",
        "image",
        "font",
        "media",
        "stylesheet",
        "websocket"
      ],
      "initiatorDomains": ["yemeksepeti.com"]
    }
  },
  {
    "id": 1016,
    "priority": 1,
    "action": { "type": "block" },
    "condition": {
      "urlFilter": "datadoghq.eu",
      "resourceTypes": [
        "main_frame",
        "sub_frame",
        "script",
        "xmlhttprequest",
        "image",
        "font",
        "media",
        "stylesheet",
        "websocket"
      ],
      "initiatorDomains": ["yemeksepeti.com"]
    }
  },
  {
    "id": 1017,
    "priority": 1,
    "action": { "type": "block" },
    "condition": {
      "urlFilter": "hexagon-analytics",
      "resourceTypes": [
        "main_frame",
        "sub_frame",
        "script",
        "xmlhttprequest",
        "image",
        "font",
        "media",
        "stylesheet",
        "websocket"
      ],
      "initiatorDomains": ["yemeksepeti.com"]
    }
  },
  {
    "id": 1018,
    "priority": 1,
    "action": { "type": "block" },
    "condition": {
      "urlFilter": "qualtrics.com",
      "resourceTypes": [
        "main_frame",
        "sub_frame",
        "script",
        "xmlhttprequest",
        "image",
        "font",
        "media",
        "stylesheet",
        "websocket"
      ],
      "initiatorDomains": ["yemeksepeti.com"]
    }
  },
  {
    "id": 1019,
    "priority": 1,
    "action": { "type": "block" },
    "condition": {
      "urlFilter": "datadog",
      "resourceTypes": [
        "main_frame",
        "sub_frame",
        "script",
        "xmlhttprequest",
        "image",
        "font",
        "media",
        "stylesheet",
        "websocket"
      ],
      "initiatorDomains": ["yemeksepeti.com"]
    }
  },
  {
    "id": 1020,
    "priority": 1,
    "action": { "type": "block" },
    "condition": {
      "urlFilter": "browser-intake-datadoghq.eu",
      "resourceTypes": [
        "main_frame",
        "sub_frame",
        "script",
        "xmlhttprequest",
        "image",
        "font",
        "media",
        "stylesheet",
        "websocket"
      ],
      "initiatorDomains": ["yemeksepeti.com"]
    }
  }
]
