[
  {
    "id": 1,
    "priority": 1,
    "action": {
      "type": "modifyHeaders",
      "requestHeaders": [
        { "header": "Sec-Ch-Ua", "operation": "remove" },
        { "header": "Sec-Ch-Ua-Mobile", "operation": "remove" },
        { "header": "Sec-Ch-Ua-Platform", "operation": "remove" },
        { "header": "Sec-Fetch-Dest", "operation": "remove" },
        { "header": "Sec-Fetch-Mode", "operation": "remove" },
        { "header": "Sec-Fetch-Site", "operation": "remove" },
        { "header": "Sec-Fetch-User", "operation": "remove" },
        { "header": "X-Caller-Platform", "operation": "remove" },
        { "header": "x-requested-with", "operation": "remove" },
        {
          "header": "User-Agent",
          "operation": "set",
          "value": "Android-app-25.19.0(251900084)"
        }
      ]
    },
    "condition": {
      "urlFilter": "||tr.fd-api.com/"
    }
  }
]
